lon,lat,elevation,when,som,moisture,temp
142.135355,-36.74293455,416.01,1-Apr-22,2.2,35.75,83.05
142.1308715,-36.73444333,437.99,1-Apr-22,2.445,42.3,62.35
142.1225994,-36.73763674,436.35,1-Apr-22,2.505,35.65,70.68
142.1276042,-36.74768054,423.23,1-Apr-22,2.91,31.13,70.85
142.1348106,-36.74234796,416.01,1-Apr-22,2.425,32.7,64.38
142.1348095,-36.74236078,416.01,1-Apr-22,2.43,30.95,64.0
142.13481,-36.7423742,416.01,1-Apr-22,2.37,34.15,64.68
142.134807,-36.74238929,416.01,1-Apr-22,2.355,36.1,64.0
142.1348079,-36.7424042,415.68,1-Apr-22,2.33,33.92,63.45
142.1348146,-36.74241704,416.01,1-Apr-22,2.27,33.9,62.98
142.1348186,-36.74243226,416.01,1-Apr-22,2.225,36.48,62.38
142.1348275,-36.74244811,416.01,1-Apr-22,2.29,36.45,62.18
142.1348376,-36.74246359,416.01,1-Apr-22,2.375,34.42,61.85
142.1348524,-36.74247529,416.01,1-Apr-22,2.41,35.42,61.15
142.1348825,-36.74247615,416.01,1-Apr-22,2.4,35.1,61.03
142.1349082,-36.74248229,416.01,1-Apr-22,2.43,34.0,60.88
142.134927,-36.74249357,416.01,1-Apr-22,2.435,34.45,61.45
142.1349466,-36.74250504,416.01,1-Apr-22,2.345,33.65,61.93
142.1349673,-36.74251741,416.01,1-Apr-22,2.24,34.0,62.58
142.134976,-36.74253352,416.01,1-Apr-22,2.2,32.27,62.9
142.1349837,-36.74254965,416.01,1-Apr-22,2.23,34.77,62.88
142.1349913,-36.74256602,416.01,1-Apr-22,2.225,34.77,62.85
142.1349982,-36.74258243,416.34,1-Apr-22,2.295,36.98,63.08
142.1350156,-36.74259734,416.34,1-Apr-22,2.29,36.35,64.15
142.1350329,-36.74261374,416.34,1-Apr-22,2.175,34.23,64.35
142.135042,-36.74263143,416.01,1-Apr-22,2.105,34.33,64.7
142.1350451,-36.7426489,416.34,1-Apr-22,2.09,33.42,64.8
142.1350406,-36.7426661,416.34,1-Apr-22,2.1,32.0,65.23
142.1350387,-36.7426832,416.34,1-Apr-22,2.08,32.58,65.23
142.1350349,-36.74270033,416.34,1-Apr-22,2.14,33.4,65.13
142.134867,-36.74323725,416.01,1-Apr-22,2.0,29.23,72.45
142.1348614,-36.74325415,416.01,1-Apr-22,1.915,29.32,71.83
142.134856,-36.74327095,416.01,1-Apr-22,1.865,28.48,73.3
142.1348504,-36.74328775,416.01,1-Apr-22,1.86,30.75,72.13
142.1348428,-36.74330402,416.01,1-Apr-22,1.885,31.75,72.38
142.1348356,-36.74332053,416.01,1-Apr-22,1.93,33.27,72.63
142.1348265,-36.74333666,416.01,1-Apr-22,1.915,33.13,72.73
142.1348224,-36.74335386,416.01,1-Apr-22,1.92,31.7,73.35
142.1348182,-36.74337086,416.01,1-Apr-22,1.935,29.5,72.5
142.1348164,-36.74338828,416.01,1-Apr-22,1.95,30.2,72.35
142.1348117,-36.74340518,416.01,1-Apr-22,2.005,28.45,72.25
142.1348114,-36.74342292,416.01,1-Apr-22,2.12,27.77,71.78
142.1348103,-36.74344062,416.01,1-Apr-22,2.19,26.7,71.93
142.1348066,-36.74345781,416.01,1-Apr-22,2.12,29.28,71.95
142.1347998,-36.74347421,416.01,1-Apr-22,2.065,30.52,72.05
142.1348017,-36.74349316,416.01,1-Apr-22,1.98,30.08,70.93
142.134794,-36.74350936,416.01,1-Apr-22,1.94,30.8,71.83
142.134782,-36.74352432,416.01,1-Apr-22,2.0,29.5,71.8
142.1347791,-36.74354196,416.01,1-Apr-22,2.055,30.05,71.4
142.1347731,-36.74355873,416.01,1-Apr-22,2.05,32.98,71.85
142.1347672,-36.74357554,416.01,1-Apr-22,2.045,34.75,72.05
142.1347588,-36.74359154,416.01,1-Apr-22,2.065,33.0,72.6
142.1347501,-36.74360754,416.01,1-Apr-22,1.995,32.9,72.73
142.1347438,-36.74362428,416.01,1-Apr-22,1.905,34.0,72.43
142.1347347,-36.74364008,416.01,1-Apr-22,1.885,34.2,72.6
142.1347335,-36.74365877,415.68,1-Apr-22,1.89,33.38,72.95
142.1347325,-36.74367812,416.01,1-Apr-22,1.9,32.48,72.63
142.1347309,-36.74369845,416.01,1-Apr-22,1.9,32.35,72.83
142.13473,-36.74372124,416.01,1-Apr-22,1.91,32.7,72.73
142.1347238,-36.74374232,416.01,1-Apr-22,1.94,31.88,72.65
142.1347105,-36.74375713,416.01,1-Apr-22,1.98,33.6,72.7
142.1346922,-36.74376643,416.01,1-Apr-22,1.97,34.33,72.45
142.1346788,-36.74378225,416.01,1-Apr-22,2.025,34.85,72.6
142.1346567,-36.74378621,416.34,1-Apr-22,1.955,35.48,72.35
142.1346362,-36.74379257,416.34,1-Apr-22,1.94,36.88,72.28
142.1346146,-36.74379792,416.34,1-Apr-22,1.97,36.35,72.43
142.1345986,-36.74380962,416.34,1-Apr-22,1.97,37.1,72.53
142.1345834,-36.74382237,416.34,1-Apr-22,2.03,36.92,72.65
142.1345691,-36.7438364,416.34,1-Apr-22,2.025,35.65,73.8
142.1345525,-36.74384805,416.34,1-Apr-22,1.95,33.55,73.75
142.1345377,-36.74386266,416.34,1-Apr-22,1.835,32.17,74.05
142.1345201,-36.74387331,416.01,1-Apr-22,1.845,30.52,74.15
142.1344994,-36.74387858,416.01,1-Apr-22,1.795,30.25,74.03
142.1344783,-36.74388286,416.01,1-Apr-22,1.73,32.4,74.13
142.1343413,-36.74389255,416.01,1-Apr-22,1.765,31.73,75.35
142.1343266,-36.74390633,416.01,1-Apr-22,1.815,29.07,75.65
142.1343104,-36.74391995,416.01,1-Apr-22,1.78,28.35,75.83
142.1343015,-36.74393601,415.68,1-Apr-22,1.8,27.63,76.18
142.1342974,-36.74395325,415.68,1-Apr-22,1.825,27.3,76.6
142.1342907,-36.74396965,415.68,1-Apr-22,1.805,25.43,76.15
142.1342877,-36.74398722,415.68,1-Apr-22,1.77,23.88,75.85
142.1342882,-36.74400588,415.68,1-Apr-22,1.775,24.45,75.9
142.1304489,-36.73511964,439.3,2-Apr-22,2.48,40.05,65.6
142.1304741,-36.73511234,439.3,2-Apr-22,2.45,39.23,65.73
142.130497,-36.73510124,438.98,2-Apr-22,2.46,39.25,65.6
142.130521,-36.73509214,438.98,2-Apr-22,2.595,39.65,65.65
142.130545,-36.73508294,438.98,2-Apr-22,2.65,37.75,65.65
142.1305691,-36.73507394,438.98,2-Apr-22,2.7,37.7,65.7
142.1305931,-36.73506494,438.65,2-Apr-22,2.655,35.83,65.88
142.130617,-36.73505584,438.65,2-Apr-22,2.575,37.77,65.7
142.1306412,-36.73504664,438.65,2-Apr-22,2.565,37.55,65.75
142.1306663,-36.73503934,438.32,2-Apr-22,2.57,37.05,65.85
142.1306891,-36.73502834,438.32,2-Apr-22,2.6,36.88,65.9
142.1307143,-36.73502094,437.99,2-Apr-22,2.53,36.13,65.95
142.1307382,-36.73501184,437.99,2-Apr-22,2.35,36.23,66.23
142.1307611,-36.73500084,437.66,2-Apr-22,2.265,38.05,65.93
142.1307863,-36.73499354,437.66,2-Apr-22,2.33,38.52,65.93
142.1308091,-36.73498254,437.34,2-Apr-22,2.385,38.02,65.75
142.1308332,-36.73497344,437.01,2-Apr-22,2.36,37.38,65.6
142.1308572,-36.73496434,437.01,2-Apr-22,2.365,37.95,65.53
142.1308824,-36.73495694,436.68,2-Apr-22,2.365,37.13,65.55
142.1309053,-36.73494594,436.68,2-Apr-22,2.4,37.27,65.63
142.1309305,-36.73493864,436.35,2-Apr-22,2.415,36.0,65.98
142.1309533,-36.73492754,436.35,2-Apr-22,2.38,36.8,65.78
142.1309773,-36.73491854,436.02,2-Apr-22,2.53,38.27,65.9
142.1310014,-36.73490944,436.02,2-Apr-22,2.59,35.63,66.15
142.1310266,-36.73490214,435.7,2-Apr-22,2.645,35.5,66.25
142.1310494,-36.73489104,435.7,2-Apr-22,2.64,35.63,66.3
142.1310734,-36.73488194,435.37,2-Apr-22,2.475,33.6,66.35
142.1310974,-36.73487294,435.37,2-Apr-22,2.28,34.3,66.68
142.1311202,-36.73486404,435.04,2-Apr-22,2.06,32.65,67.13
142.1311376,-36.73485974,435.04,2-Apr-22,1.98,33.52,67.7
142.1311422,-36.73485574,435.04,2-Apr-22,1.975,33.88,69.18
142.1311421,-36.73485574,435.04,2-Apr-22,1.975,33.88,69.38
142.131142,-36.73485584,435.04,2-Apr-22,1.975,33.88,69.58
142.1311419,-36.73485574,435.04,2-Apr-22,1.975,33.88,70.08
142.1311419,-36.73485584,435.04,2-Apr-22,1.975,33.88,69.83
142.131142,-36.73485584,435.04,2-Apr-22,1.975,33.88,69.68
142.1310227,-36.73466108,437.99,2-Apr-22,1.975,34.6,60.1
142.131001,-36.73466486,437.99,2-Apr-22,2.115,34.17,58.63
142.1309819,-36.73467246,438.32,2-Apr-22,2.41,33.4,57.93
142.1309627,-36.73468016,438.32,2-Apr-22,2.725,34.6,57.4
142.1309435,-36.73468776,438.32,2-Apr-22,2.75,34.55,57.15
142.1309231,-36.73469357,438.65,2-Apr-22,2.72,34.65,56.93
142.1309049,-36.73470286,438.65,2-Apr-22,2.695,36.15,57.08
142.1308855,-36.73471036,438.98,2-Apr-22,2.705,37.42,56.93
142.1308673,-36.73471956,438.98,2-Apr-22,2.725,36.55,56.78
142.1308479,-36.73472696,438.98,2-Apr-22,2.705,37.1,56.8
142.1308281,-36.73473456,439.3,2-Apr-22,2.645,38.4,56.5
142.1308046,-36.73474116,439.3,2-Apr-22,2.6,38.25,56.63
142.1307818,-36.73475206,439.63,2-Apr-22,2.555,38.25,56.58
142.1307579,-36.73476106,439.63,2-Apr-22,2.5,38.02,56.7
142.130734,-36.73477026,439.63,2-Apr-22,2.565,38.02,56.65
142.1307102,-36.73477916,439.96,2-Apr-22,2.575,37.55,56.5
142.1306863,-36.73478816,439.96,2-Apr-22,2.585,38.1,57.0
142.1306625,-36.73479736,440.29,2-Apr-22,2.58,38.8,57.08
142.1306386,-36.73480636,440.29,2-Apr-22,2.585,40.15,57.1
142.1306147,-36.73481526,440.62,2-Apr-22,2.5,38.5,57.6
142.1305909,-36.73482436,440.62,2-Apr-22,2.375,38.83,57.65
142.1305659,-36.73483166,440.62,2-Apr-22,2.395,40.45,57.58
142.1305419,-36.73484066,440.62,2-Apr-22,2.38,37.73,57.93
142.1305194,-36.73485176,440.94,2-Apr-22,2.335,38.02,58.35
142.1304945,-36.73485896,440.94,2-Apr-22,2.465,38.55,58.33
142.1304718,-36.73486986,440.94,2-Apr-22,2.52,36.83,58.8
142.1304479,-36.73487876,440.94,2-Apr-22,2.49,36.35,58.85
142.1304241,-36.73488796,441.27,2-Apr-22,2.445,38.05,59.03
142.130399,-36.73489526,441.27,2-Apr-22,2.4,39.08,59.43
142.1303763,-36.73490606,441.27,2-Apr-22,2.42,39.77,59.55
142.1303525,-36.73491516,441.27,2-Apr-22,2.425,39.6,59.43
142.1303285,-36.73492436,441.27,2-Apr-22,2.44,38.95,59.43
142.1303046,-36.73493336,441.27,2-Apr-22,2.375,38.77,59.75
142.1302808,-36.73494246,441.6,2-Apr-22,2.29,39.27,59.85
142.1302569,-36.73495166,441.6,2-Apr-22,2.355,39.6,59.8
142.1302329,-36.73496066,441.6,2-Apr-22,2.395,39.25,59.95
142.1302078,-36.73496796,441.6,2-Apr-22,2.385,37.92,59.9
142.1301851,-36.73497896,441.6,2-Apr-22,2.34,37.48,59.9
142.1301612,-36.73498806,441.6,2-Apr-22,2.365,38.52,59.8
142.1301373,-36.73499716,441.93,2-Apr-22,2.41,38.83,59.88
142.1301134,-36.73500616,441.93,2-Apr-22,2.46,38.58,59.93
142.1300896,-36.73501526,441.93,2-Apr-22,2.535,39.58,59.98
142.1300644,-36.73502246,441.93,2-Apr-22,2.595,39.17,59.78
142.1300415,-36.73503346,441.93,2-Apr-22,2.63,38.75,59.8
142.1300177,-36.73504256,441.93,2-Apr-22,2.61,38.73,59.98
142.1299925,-36.73504986,441.93,2-Apr-22,2.525,39.2,60.18
142.1299698,-36.73506076,441.93,2-Apr-22,2.47,39.42,60.25
142.1299458,-36.73506986,441.93,2-Apr-22,2.48,40.7,60.18
142.1299219,-36.73507906,442.26,2-Apr-22,2.57,41.17,60.2
142.1298979,-36.73508806,442.26,2-Apr-22,2.675,40.02,60.25
142.1298741,-36.73509726,442.26,2-Apr-22,2.745,39.75,60.08
142.1298501,-36.73510626,442.26,2-Apr-22,2.77,38.7,60.3
142.1298261,-36.73511546,442.26,2-Apr-22,2.655,37.92,60.58
142.1298009,-36.73512266,442.26,2-Apr-22,2.585,39.67,60.55
142.1297782,-36.73513366,442.26,2-Apr-22,2.54,39.95,60.48
142.1297543,-36.73514266,442.26,2-Apr-22,2.525,40.17,60.58
142.1297303,-36.73515186,442.26,2-Apr-22,2.485,39.83,60.58
142.1297063,-36.73516096,442.26,2-Apr-22,2.54,40.6,60.38
142.1296824,-36.73517006,442.26,2-Apr-22,2.51,38.85,60.48
142.1296584,-36.73517916,442.59,2-Apr-22,2.445,39.3,60.65
142.1296344,-36.73518836,442.59,2-Apr-22,2.435,40.13,60.7
142.1296105,-36.73519756,442.59,2-Apr-22,2.44,39.7,60.95
142.1295866,-36.73520646,442.59,2-Apr-22,2.46,38.55,60.85
142.1295627,-36.73521566,442.59,2-Apr-22,2.475,39.02,60.75
142.1295388,-36.73522476,442.59,2-Apr-22,2.48,39.52,60.75
142.1295148,-36.73523396,442.59,2-Apr-22,2.625,40.27,60.6
142.1294909,-36.73524316,442.91,2-Apr-22,2.705,37.73,60.98
142.1294669,-36.73525216,442.91,2-Apr-22,2.74,37.55,61.05
142.1294429,-36.73526126,442.91,2-Apr-22,2.7,38.38,61.3
142.1294189,-36.73527026,442.91,2-Apr-22,2.755,39.92,61.23
142.129395,-36.73527956,442.91,2-Apr-22,2.795,38.4,61.33
142.1293698,-36.73528676,442.91,2-Apr-22,2.8,37.65,61.45
142.1293471,-36.73529776,442.91,2-Apr-22,2.765,38.6,61.63
142.129323,-36.73530686,442.91,2-Apr-22,2.785,39.15,61.6
142.1292992,-36.73531606,442.91,2-Apr-22,2.845,38.67,61.58
142.129275,-36.73532516,442.91,2-Apr-22,2.82,38.98,61.5
142.1292511,-36.73533416,442.91,2-Apr-22,2.82,38.63,61.45
142.1292259,-36.73534156,442.91,2-Apr-22,2.78,37.45,61.88
142.1292031,-36.73535256,442.91,2-Apr-22,2.685,38.98,61.73
142.1291791,-36.73536156,442.91,2-Apr-22,2.665,38.85,61.8
142.129155,-36.73537076,442.91,2-Apr-22,2.695,39.35,61.9
142.1291311,-36.73537996,442.91,2-Apr-22,2.695,38.42,61.93
142.1291059,-36.73538716,442.91,2-Apr-22,2.675,38.5,61.8
142.1290831,-36.73539816,442.91,2-Apr-22,2.765,39.5,61.8
142.1290579,-36.73540546,442.91,2-Apr-22,2.815,38.13,61.95
142.1290351,-36.73541656,442.91,2-Apr-22,2.765,36.9,62.0
142.129011,-36.73542556,442.91,2-Apr-22,2.74,37.45,62.18
142.128987,-36.73543466,442.91,2-Apr-22,2.805,38.92,62.05
142.1289629,-36.73544386,442.91,2-Apr-22,2.81,39.23,62.0
142.128939,-36.73545306,442.91,2-Apr-22,2.785,40.17,62.05
142.1289138,-36.73546036,442.91,2-Apr-22,2.79,39.8,61.88
142.128891,-36.73547136,442.91,2-Apr-22,2.8,39.33,62.0
142.1288671,-36.73548056,442.91,2-Apr-22,2.78,39.48,62.3
142.1288418,-36.73548776,442.91,2-Apr-22,2.73,39.55,62.38
142.128819,-36.73549876,442.91,2-Apr-22,2.64,39.7,62.25
142.1287948,-36.73550786,442.91,2-Apr-22,2.565,39.8,62.05
142.1287709,-36.73551696,442.59,2-Apr-22,2.58,40.2,62.13
142.1287469,-36.73552606,442.59,2-Apr-22,2.51,40.0,62.08
142.1287229,-36.73553526,442.59,2-Apr-22,2.435,40.52,62.13
142.1286977,-36.73554246,442.59,2-Apr-22,2.43,40.08,62.0
142.1286748,-36.73555346,442.59,2-Apr-22,2.41,40.88,62.1
142.1286509,-36.73556266,442.59,2-Apr-22,2.42,41.5,61.83
142.1286256,-36.73556976,442.59,2-Apr-22,2.445,40.88,61.9
142.1286028,-36.73558086,442.59,2-Apr-22,2.445,41.5,61.95
142.1285789,-36.73558996,442.59,2-Apr-22,2.39,41.27,62.0
142.1285548,-36.73559916,442.59,2-Apr-22,2.325,41.4,62.03
142.1285297,-36.73560636,442.59,2-Apr-22,2.29,41.7,62.2
142.1285069,-36.73561746,442.59,2-Apr-22,2.39,41.73,62.25
142.1284817,-36.73562476,442.59,2-Apr-22,2.34,40.95,62.55
142.1284577,-36.73563386,442.59,2-Apr-22,2.375,42.08,62.13
142.1284348,-36.73564486,442.59,2-Apr-22,2.355,40.1,62.38
142.1284108,-36.73565406,442.59,2-Apr-22,2.395,41.77,62.58
142.1283868,-36.73566316,442.59,2-Apr-22,2.475,42.08,62.25
142.1283616,-36.73567046,442.59,2-Apr-22,2.54,41.25,62.33
142.1283387,-36.73568146,442.59,2-Apr-22,2.535,40.85,62.53
142.1283147,-36.73569056,442.59,2-Apr-22,2.51,41.58,62.35
142.1282908,-36.73569966,442.59,2-Apr-22,2.46,40.1,62.53
142.1282654,-36.73570686,442.59,2-Apr-22,2.455,41.7,62.45
142.1282427,-36.73571796,442.59,2-Apr-22,2.46,40.6,62.68
142.1282187,-36.73572706,442.26,2-Apr-22,2.395,41.27,62.68
142.1281947,-36.73573616,442.26,2-Apr-22,2.38,42.13,62.6
142.1281706,-36.73574516,442.59,2-Apr-22,2.34,41.15,62.45
142.1281468,-36.73575436,442.59,2-Apr-22,2.39,42.45,62.3
142.1281228,-36.73576336,442.59,2-Apr-22,2.425,41.4,62.48
142.1280989,-36.73577256,442.59,2-Apr-22,2.355,40.77,62.35
142.1280738,-36.73577996,442.91,2-Apr-22,2.38,41.6,62.38
142.1280499,-36.73578906,442.91,2-Apr-22,2.41,41.52,62.5
142.128027,-36.73580006,442.59,2-Apr-22,2.41,40.3,62.7
142.128003,-36.73580926,442.59,2-Apr-22,2.34,39.67,62.83
142.127979,-36.73581836,442.59,2-Apr-22,2.34,41.15,62.85
142.1279551,-36.73582746,442.59,2-Apr-22,2.385,40.05,62.98
142.1279311,-36.73583656,442.26,2-Apr-22,2.44,40.35,62.88
142.1279059,-36.73584376,442.26,2-Apr-22,2.52,40.27,62.85
142.1278832,-36.73585486,442.26,2-Apr-22,2.54,39.2,62.78
142.1278579,-36.73586216,442.26,2-Apr-22,2.44,39.33,62.78
142.1278351,-36.73587306,442.26,2-Apr-22,2.37,40.8,62.73
142.1278111,-36.73588216,442.26,2-Apr-22,2.375,40.8,62.75
142.127787,-36.73589136,442.26,2-Apr-22,2.43,39.55,62.5
142.1277631,-36.73590046,442.26,2-Apr-22,2.395,38.73,62.45
142.1277378,-36.73590776,442.26,2-Apr-22,2.395,39.45,62.38
142.1277139,-36.73591696,442.26,2-Apr-22,2.375,40.55,62.33
142.1276911,-36.73592786,442.26,2-Apr-22,2.395,41.25,62.35
142.1276672,-36.73593706,442.26,2-Apr-22,2.42,40.52,62.53
142.1276431,-36.73594616,442.26,2-Apr-22,2.38,40.95,62.33
142.1276191,-36.73595526,442.26,2-Apr-22,2.44,41.17,62.4
142.1275951,-36.73596446,442.26,2-Apr-22,2.47,40.67,62.43
142.1275699,-36.73597156,442.26,2-Apr-22,2.425,39.6,62.48
142.1275472,-36.73598266,442.26,2-Apr-22,2.395,39.35,62.48
142.1275221,-36.73598986,442.26,2-Apr-22,2.445,39.95,62.53
142.1274992,-36.73600096,442.59,2-Apr-22,2.42,39.4,62.73
142.1274753,-36.73601006,442.59,2-Apr-22,2.38,39.92,62.55
142.1274513,-36.73601916,442.59,2-Apr-22,2.37,39.95,62.65
142.1274273,-36.73602826,442.59,2-Apr-22,2.4,39.77,63.05
142.1274033,-36.73603736,442.59,2-Apr-22,2.43,39.5,62.85
142.1273794,-36.73604656,442.59,2-Apr-22,2.51,39.9,62.83
142.1273554,-36.73605556,442.59,2-Apr-22,2.535,39.75,62.7
142.1273314,-36.73606466,442.59,2-Apr-22,2.495,39.2,62.83
142.1273073,-36.73607386,442.91,2-Apr-22,2.51,40.35,62.75
142.1272833,-36.73608286,442.91,2-Apr-22,2.52,38.65,63.05
142.1272593,-36.73609196,442.91,2-Apr-22,2.505,38.98,62.7
142.1272342,-36.73609926,442.91,2-Apr-22,2.475,39.35,63.03
142.1272102,-36.73610856,442.91,2-Apr-22,2.515,39.17,62.63
142.1271862,-36.73611776,442.91,2-Apr-22,2.48,39.55,63.13
142.1271634,-36.73612886,442.91,2-Apr-22,2.465,39.63,63.13
142.1271393,-36.73613796,442.91,2-Apr-22,2.54,39.52,63.13
142.1271153,-36.73614696,442.91,2-Apr-22,2.555,39.88,62.98
142.1270914,-36.73615606,442.91,2-Apr-22,2.545,40.38,63.03
142.1270673,-36.73616516,442.91,2-Apr-22,2.545,39.45,63.08
142.1270434,-36.73617436,442.91,2-Apr-22,2.55,38.8,63.0
142.1270194,-36.73618336,442.91,2-Apr-22,2.47,38.6,62.95
142.1269953,-36.73619256,442.91,2-Apr-22,2.465,39.35,63.0
142.1269714,-36.73620166,442.91,2-Apr-22,2.5,38.48,63.2
142.1269474,-36.73621086,442.91,2-Apr-22,2.51,40.05,62.8
142.1269221,-36.73621806,442.91,2-Apr-22,2.535,40.67,62.75
142.1268994,-36.73622916,442.91,2-Apr-22,2.52,40.0,62.8
142.1268741,-36.73623636,442.91,2-Apr-22,2.55,40.35,62.45
142.1268514,-36.73624746,442.91,2-Apr-22,2.485,39.88,62.7
142.1268261,-36.73625476,442.91,2-Apr-22,2.48,40.52,62.28
142.1268033,-36.73626566,442.91,2-Apr-22,2.53,41.33,62.13
142.1267794,-36.73627476,442.91,2-Apr-22,2.545,40.23,62.33
142.1267541,-36.73628206,442.91,2-Apr-22,2.425,39.27,62.33
142.1267312,-36.73629306,442.91,2-Apr-22,2.36,39.25,62.48
142.126706,-36.73630036,442.91,2-Apr-22,2.4,40.35,62.25
142.1266832,-36.73631136,442.91,2-Apr-22,2.435,39.35,62.23
142.126658,-36.73631866,442.59,2-Apr-22,2.45,39.98,62.55
142.1266353,-36.73632976,442.59,2-Apr-22,2.475,39.92,62.6
142.1266113,-36.73633886,442.59,2-Apr-22,2.57,40.0,62.43
142.1265873,-36.73634796,442.59,2-Apr-22,2.535,39.13,62.6
142.1265622,-36.73635536,442.59,2-Apr-22,2.54,39.83,62.45
142.1265394,-36.73636626,442.59,2-Apr-22,2.505,39.7,62.83
142.1265153,-36.73637536,442.59,2-Apr-22,2.525,39.75,62.78
142.1264913,-36.73638446,442.59,2-Apr-22,2.48,40.55,62.48
142.1264673,-36.73639356,442.59,2-Apr-22,2.56,41.65,62.48
142.1264433,-36.73640276,442.59,2-Apr-22,2.59,40.42,62.75
142.1264193,-36.73641196,442.59,2-Apr-22,2.575,41.23,62.78
142.1263953,-36.73642106,442.59,2-Apr-22,2.5,40.0,62.85
142.1263713,-36.73643016,442.59,2-Apr-22,2.515,41.15,62.5
142.1263474,-36.73643936,442.59,2-Apr-22,2.58,41.0,62.48
142.1263232,-36.73644846,442.59,2-Apr-22,2.605,39.52,62.98
142.1262994,-36.73645756,442.59,2-Apr-22,2.54,39.88,63.03
142.1262754,-36.73646666,442.59,2-Apr-22,2.51,38.95,63.05
142.1262512,-36.73647576,442.59,2-Apr-22,2.58,39.75,62.95
142.1262273,-36.73648496,442.59,2-Apr-22,2.695,40.08,63.15
142.1262021,-36.73649206,442.59,2-Apr-22,2.715,39.35,63.23
142.1261794,-36.73650316,442.59,2-Apr-22,2.68,38.5,63.55
142.1261542,-36.73651046,442.59,2-Apr-22,2.7,38.3,63.18
142.1261314,-36.73652156,442.59,2-Apr-22,2.775,38.33,63.23
142.1261073,-36.73653056,442.59,2-Apr-22,2.73,37.58,63.28
142.1260833,-36.73653966,442.59,2-Apr-22,2.725,39.5,63.33
142.1260594,-36.73654886,442.59,2-Apr-22,2.725,39.4,63.5
142.1260341,-36.73655606,442.59,2-Apr-22,2.695,38.52,63.58
142.1260113,-36.73656706,442.59,2-Apr-22,2.65,38.77,63.33
142.1259861,-36.73657446,442.59,2-Apr-22,2.76,39.4,63.4
142.1259633,-36.73658546,442.59,2-Apr-22,2.76,38.2,63.53
142.1259393,-36.73659446,442.59,2-Apr-22,2.76,38.73,63.55
142.1259153,-36.73660366,442.59,2-Apr-22,2.765,39.4,63.43
142.1258913,-36.73661276,442.59,2-Apr-22,2.82,38.58,63.65
142.1258662,-36.73662006,442.26,2-Apr-22,2.855,38.55,63.48
142.1258422,-36.73662926,442.26,2-Apr-22,2.925,38.33,63.48
142.1258193,-36.73664026,442.26,2-Apr-22,2.86,37.67,63.68
142.1257953,-36.73664936,442.26,2-Apr-22,2.85,38.52,63.7
142.1257712,-36.73665846,442.26,2-Apr-22,2.72,37.27,63.65
142.1257472,-36.73666766,442.26,2-Apr-22,2.69,39.17,63.73
142.125722,-36.73667486,442.26,2-Apr-22,2.75,39.73,63.63
142.1256992,-36.73668576,442.26,2-Apr-22,2.775,39.1,63.48
142.1256752,-36.73669506,442.26,2-Apr-22,2.825,39.13,63.55
142.12565,-36.73670226,442.26,2-Apr-22,2.84,38.05,63.65
142.1256271,-36.73671326,442.26,2-Apr-22,2.82,37.73,63.7
142.1256032,-36.73672246,442.26,2-Apr-22,2.8,38.0,63.68
142.1255792,-36.73673166,441.93,2-Apr-22,2.8,37.9,63.83
142.125555,-36.73674066,441.93,2-Apr-22,2.835,38.27,63.8
142.1255311,-36.73674986,441.93,2-Apr-22,2.865,38.05,63.85
142.1255059,-36.73675716,441.93,2-Apr-22,2.885,37.45,63.83
142.125482,-36.73676626,441.93,2-Apr-22,2.835,38.23,63.83
142.125459,-36.73677736,441.6,2-Apr-22,2.82,39.4,63.75
142.125435,-36.73678646,441.93,2-Apr-22,2.855,39.15,63.63
142.125411,-36.73679556,441.6,2-Apr-22,2.825,37.73,63.68
142.1253869,-36.73680476,441.6,2-Apr-22,2.805,37.6,63.73
142.1253617,-36.73681206,441.6,2-Apr-22,2.77,38.35,63.9
142.1253389,-36.73682306,441.27,2-Apr-22,2.775,37.98,64.08
142.1253148,-36.73683226,441.27,2-Apr-22,2.78,38.2,64.13
142.1252907,-36.73684146,441.27,2-Apr-22,2.805,38.23,63.78
142.1252668,-36.73685056,441.27,2-Apr-22,2.85,38.9,63.78
142.1252427,-36.73685966,440.94,2-Apr-22,2.875,39.63,63.78
142.1252186,-36.73686876,440.94,2-Apr-22,2.825,38.98,63.8
142.1251946,-36.73687796,440.94,2-Apr-22,2.785,38.55,64.03
142.1251705,-36.73688706,440.62,2-Apr-22,2.805,39.35,63.6
142.1251464,-36.73689616,440.62,2-Apr-22,2.8,38.5,63.9
142.1251212,-36.73690346,440.62,2-Apr-22,2.855,39.55,63.55
142.1250984,-36.73691446,440.62,2-Apr-22,2.86,38.58,63.85
142.1250743,-36.73692366,440.29,2-Apr-22,2.76,37.52,63.98
142.1250503,-36.73693276,440.29,2-Apr-22,2.66,38.05,63.75
142.1250263,-36.73694196,440.29,2-Apr-22,2.705,39.92,63.65
142.1250023,-36.73695106,440.29,2-Apr-22,2.825,39.05,64.03
142.1249781,-36.73696016,439.96,2-Apr-22,2.835,38.33,64.08
142.1249542,-36.73696936,439.96,2-Apr-22,2.855,39.3,64.18
142.1249301,-36.73697856,439.96,2-Apr-22,2.875,38.33,64.18
142.124906,-36.73698756,439.63,2-Apr-22,2.885,39.0,64.0
142.124882,-36.73699676,439.63,2-Apr-22,2.88,38.55,63.98
142.1248569,-36.73700416,439.63,2-Apr-22,2.84,38.58,64.08
142.1248328,-36.73701326,439.63,2-Apr-22,2.88,37.3,64.18
142.12481,-36.73702426,439.63,2-Apr-22,2.88,37.13,64.25
142.1247847,-36.73703156,439.3,2-Apr-22,2.845,38.3,64.35
142.1247619,-36.73704256,439.3,2-Apr-22,2.845,39.1,64.28
142.1247367,-36.73704986,439.3,2-Apr-22,2.875,38.38,64.05
142.1247139,-36.73706096,439.3,2-Apr-22,2.86,39.05,64.2
142.1246899,-36.73707016,439.3,2-Apr-22,2.88,39.02,64.35
142.1246648,-36.73707736,439.3,2-Apr-22,2.835,37.95,64.75
142.1246418,-36.73708836,438.98,2-Apr-22,2.81,39.52,64.65
142.1246178,-36.73709756,438.98,2-Apr-22,2.815,39.0,64.68
142.1245937,-36.73710656,438.98,2-Apr-22,2.855,39.7,65.03
142.1245697,-36.73711566,438.98,2-Apr-22,2.955,40.08,64.9
142.1245444,-36.73712296,438.65,2-Apr-22,3.0,38.55,64.93
142.1245216,-36.73713396,438.65,2-Apr-22,2.91,39.58,64.93
142.1244975,-36.73714306,438.65,2-Apr-22,2.88,40.92,64.78
142.1244736,-36.73715226,438.65,2-Apr-22,2.845,39.85,64.9
142.1244495,-36.73716126,438.32,2-Apr-22,2.85,39.3,64.73
142.1244254,-36.73717046,438.32,2-Apr-22,2.905,38.63,64.93
142.1244002,-36.73717776,438.32,2-Apr-22,2.895,39.0,64.93
142.1243763,-36.73718706,438.32,2-Apr-22,2.925,38.98,64.75
142.1243522,-36.73719626,437.99,2-Apr-22,2.95,38.3,64.95
142.1243294,-36.73720716,437.99,2-Apr-22,3.02,38.45,64.93
142.1243055,-36.73721636,437.99,2-Apr-22,3.015,37.15,65.08
142.1242814,-36.73722546,437.99,2-Apr-22,2.995,37.0,65.33
142.1242573,-36.73723456,437.99,2-Apr-22,3.0,37.88,65.23
142.1242333,-36.73724376,437.66,2-Apr-22,2.925,36.58,65.4
142.1242093,-36.73725286,437.66,2-Apr-22,2.855,37.85,65.6
142.1241851,-36.73726196,437.66,2-Apr-22,2.885,39.4,65.45
142.1241612,-36.73727106,437.66,2-Apr-22,2.935,38.65,65.7
142.1241372,-36.73728036,437.66,2-Apr-22,2.95,38.4,65.63
142.124112,-36.73728746,437.34,2-Apr-22,3.025,38.48,65.25
142.1240892,-36.73729856,437.34,2-Apr-22,3.02,38.25,65.75
142.1240641,-36.73730596,437.34,2-Apr-22,3.03,39.0,65.33
142.12404,-36.73731516,437.34,2-Apr-22,3.03,38.0,65.43
142.1240172,-36.73732616,437.34,2-Apr-22,3.0,37.8,65.78
142.1239931,-36.73733526,437.34,2-Apr-22,2.91,38.95,65.9
142.1239691,-36.73734436,437.01,2-Apr-22,2.83,40.25,65.45
142.123945,-36.73735346,437.01,2-Apr-22,2.89,39.0,65.78
142.123921,-36.73736246,437.01,2-Apr-22,2.905,37.85,65.88
142.123897,-36.73737166,437.01,2-Apr-22,2.81,37.65,65.93
142.1238718,-36.73737896,437.01,2-Apr-22,2.805,38.83,66.0
142.123849,-36.73738996,437.01,2-Apr-22,2.805,38.73,65.88
142.123825,-36.73739906,437.01,2-Apr-22,2.765,37.65,66.08
142.1238009,-36.73740826,437.01,2-Apr-22,2.69,37.67,66.45
142.1237756,-36.73741546,437.01,2-Apr-22,2.665,37.88,66.23
142.1237528,-36.73742646,437.01,2-Apr-22,2.705,38.27,65.93
142.1237288,-36.73743566,437.01,2-Apr-22,2.78,38.42,66.13
142.1237037,-36.73744286,436.68,2-Apr-22,2.865,38.6,66.45
142.1236808,-36.73745386,436.68,2-Apr-22,2.775,37.95,66.45
142.1236568,-36.73746306,436.68,2-Apr-22,2.765,38.48,66.28
142.1236317,-36.73747036,436.68,2-Apr-22,2.83,39.0,66.15
142.1236076,-36.73747946,436.68,2-Apr-22,2.875,38.65,66.28
142.1235849,-36.73749046,436.68,2-Apr-22,2.845,37.88,66.43
142.1235596,-36.73749766,436.68,2-Apr-22,2.76,38.2,66.55
142.1235368,-36.73750866,436.68,2-Apr-22,2.725,38.95,66.6
142.1235116,-36.73751606,436.68,2-Apr-22,2.845,39.5,66.4
142.1234888,-36.73752696,436.35,2-Apr-22,2.915,38.58,66.7
142.1234647,-36.73753606,436.68,2-Apr-22,2.885,37.7,66.83
142.1234408,-36.73754526,436.35,2-Apr-22,2.86,37.67,66.8
142.1234167,-36.73755436,436.35,2-Apr-22,2.82,36.92,67.03
142.1233927,-36.73756356,436.35,2-Apr-22,2.695,36.15,67.35
142.1233676,-36.73757086,436.35,2-Apr-22,2.69,37.88,67.15
142.1233436,-36.73757996,436.35,2-Apr-22,2.775,37.33,67.28
142.1233208,-36.73759096,436.35,2-Apr-22,2.695,37.63,67.3
142.1232956,-36.73759826,436.35,2-Apr-22,2.76,37.65,67.33
142.1232728,-36.73760936,436.35,2-Apr-22,2.765,37.1,68.03
142.1232475,-36.73761656,436.35,2-Apr-22,2.695,36.88,67.8
142.1232247,-36.73762756,436.35,2-Apr-22,2.69,37.02,67.55
142.1232008,-36.73763676,436.35,2-Apr-22,2.705,39.13,67.53
142.1231767,-36.73764586,436.02,2-Apr-22,2.795,37.67,67.83
142.1231527,-36.73765496,436.02,2-Apr-22,2.79,36.25,68.2
142.1231287,-36.73766396,436.02,2-Apr-22,2.79,35.7,68.3
142.1231047,-36.73767316,436.02,2-Apr-22,2.795,36.65,68.0
142.1230795,-36.73768046,436.02,2-Apr-22,2.78,38.17,67.63
142.1230567,-36.73769156,436.02,2-Apr-22,2.75,38.67,67.5
142.1230316,-36.73769886,436.02,2-Apr-22,2.78,38.27,67.68
142.1230087,-36.73770986,436.02,2-Apr-22,2.835,38.2,67.73
142.1229834,-36.73771696,435.7,2-Apr-22,2.875,37.9,67.65
142.1229607,-36.73772806,435.7,2-Apr-22,2.785,36.08,68.0
142.1229366,-36.73773716,435.7,2-Apr-22,2.765,39.27,67.28
142.1229126,-36.73774616,435.7,2-Apr-22,2.835,39.9,67.7
142.1228887,-36.73775556,435.7,2-Apr-22,2.74,37.75,68.65
142.1228655,-36.73776426,435.7,2-Apr-22,2.56,37.85,68.55
142.1228449,-36.73776976,435.7,2-Apr-22,2.53,37.7,68.73
142.122829,-36.73778346,435.7,2-Apr-22,2.575,37.85,68.05
142.1228141,-36.73780104,435.7,2-Apr-22,2.585,35.58,69.75
142.1227969,-36.73782068,435.7,2-Apr-22,2.575,32.38,71.15
142.1227758,-36.73783932,435.7,2-Apr-22,2.575,32.38,71.9
142.1227506,-36.73785686,435.7,2-Apr-22,2.575,32.38,72.08
142.1227234,-36.73786702,436.02,2-Apr-22,2.575,32.38,72.58
142.1226969,-36.7378706,436.02,2-Apr-22,2.575,32.38,72.45
